{
  "板块方向排名" : {
    "transaction" : "板块方向排名",
    "sampleCount" : 5000,
    "errorCount" : 2,
    "errorPct" : 0.04,
    "meanResTime" : 567.842000000001,
    "medianResTime" : 24.0,
    "minResTime" : 17.0,
    "maxResTime" : 94214.0,
    "pct1ResTime" : 1056.9000000000005,
    "pct2ResTime" : 2109.749999999999,
    "pct3ResTime" : 10060.97,
    "throughput" : 19.440351170503543,
    "receivedKBytesPerSec" : 181.6430930133322,
    "sentKBytesPerSec" : 5.46650524695078
  },
  "秒级行情接口" : {
    "transaction" : "秒级行情接口",
    "sampleCount" : 729205,
    "errorCount" : 32,
    "errorPct" : 0.0043883407,
    "meanResTime" : 312.3954909798948,
    "medianResTime" : 13.0,
    "minResTime" : 10.0,
    "maxResTime" : 94288.0,
    "pct1ResTime" : 230.0,
    "pct2ResTime" : 1064.0,
    "pct3ResTime" : 9032.0,
    "throughput" : 983.9442237526716,
    "receivedKBytesPerSec" : 1495.8526783289692,
    "sentKBytesPerSec" : 308.43457024924976
  },
  "秒级行情接口-股票" : {
    "transaction" : "秒级行情接口-股票",
    "sampleCount" : 728887,
    "errorCount" : 6,
    "errorPct" : 8.2317286E-4,
    "meanResTime" : 291.53526541151,
    "medianResTime" : 26.0,
    "minResTime" : 10.0,
    "maxResTime" : 61058.0,
    "pct1ResTime" : 233.0,
    "pct2ResTime" : 1067.0,
    "pct3ResTime" : 4080.0,
    "throughput" : 995.2673096170836,
    "receivedKBytesPerSec" : 923.4442595689852,
    "sentKBytesPerSec" : 277.003108633661
  },
  "个股分时线" : {
    "transaction" : "个股分时线",
    "sampleCount" : 363483,
    "errorCount" : 28,
    "errorPct" : 0.007703249,
    "meanResTime" : 357.8407793486953,
    "medianResTime" : 15.0,
    "minResTime" : 11.0,
    "maxResTime" : 153231.0,
    "pct1ResTime" : 1015.0,
    "pct2ResTime" : 1081.0,
    "pct3ResTime" : 9033.0,
    "throughput" : 484.92202195925665,
    "receivedKBytesPerSec" : 2545.90960405841,
    "sentKBytesPerSec" : 134.95510863728538
  },
  "环境指数日K线" : {
    "transaction" : "环境指数日K线",
    "sampleCount" : 362207,
    "errorCount" : 5,
    "errorPct" : 0.0013804261,
    "meanResTime" : 234.42981499529367,
    "medianResTime" : 13.0,
    "minResTime" : 10.0,
    "maxResTime" : 61065.0,
    "pct1ResTime" : 419.0,
    "pct2ResTime" : 1064.0,
    "pct3ResTime" : 3097.980000000003,
    "throughput" : 494.3786332100823,
    "receivedKBytesPerSec" : 368.8767875368013,
    "sentKBytesPerSec" : 160.28682248608138
  },
  "login" : {
    "transaction" : "login",
    "sampleCount" : 5000,
    "errorCount" : 0,
    "errorPct" : 0.0,
    "meanResTime" : 526.7255999999993,
    "medianResTime" : 81.0,
    "minResTime" : 60.0,
    "maxResTime" : 22163.0,
    "pct1ResTime" : 1177.9000000000005,
    "pct2ResTime" : 2294.95,
    "pct3ResTime" : 5086.019999999935,
    "throughput" : 41.45352645149523,
    "receivedKBytesPerSec" : 30.189672229557193,
    "sentKBytesPerSec" : 14.12820383942562
  },
  "板块大类动态" : {
    "transaction" : "板块大类动态",
    "sampleCount" : 5000,
    "errorCount" : 4,
    "errorPct" : 0.08,
    "meanResTime" : 660.8483999999993,
    "medianResTime" : 17.0,
    "minResTime" : 11.0,
    "maxResTime" : 93231.0,
    "pct1ResTime" : 1054.0,
    "pct2ResTime" : 2307.5499999999984,
    "pct3ResTime" : 10089.98,
    "throughput" : 18.784775315302454,
    "receivedKBytesPerSec" : 174.258318368129,
    "sentKBytesPerSec" : 5.278991482982872
  },
  "方向排名个股筛选-板块大类" : {
    "transaction" : "方向排名个股筛选-板块大类",
    "sampleCount" : 362516,
    "errorCount" : 9,
    "errorPct" : 0.002482649,
    "meanResTime" : 274.5139524876125,
    "medianResTime" : 13.0,
    "minResTime" : 10.0,
    "maxResTime" : 105131.0,
    "pct1ResTime" : 1014.0,
    "pct2ResTime" : 1062.0,
    "pct3ResTime" : 4044.9900000000016,
    "throughput" : 491.74048100269937,
    "receivedKBytesPerSec" : 1371.004049738626,
    "sentKBytesPerSec" : 182.47829549076926
  },
  "个股查看环境指数" : {
    "transaction" : "个股查看环境指数",
    "sampleCount" : 363261,
    "errorCount" : 1,
    "errorPct" : 2.7528417E-4,
    "meanResTime" : 247.2802585468852,
    "medianResTime" : 13.0,
    "minResTime" : 10.0,
    "maxResTime" : 60010.0,
    "pct1ResTime" : 623.6000000000058,
    "pct2ResTime" : 1062.9500000000007,
    "pct3ResTime" : 3109.9900000000016,
    "throughput" : 502.1967417991993,
    "receivedKBytesPerSec" : 300.11964856321816,
    "sentKBytesPerSec" : 140.26198061969822
  },
  "指标字段排序" : {
    "transaction" : "指标字段排序",
    "sampleCount" : 363125,
    "errorCount" : 111,
    "errorPct" : 0.030567987,
    "meanResTime" : 791.3447545610983,
    "medianResTime" : 30.0,
    "minResTime" : 16.0,
    "maxResTime" : 154357.0,
    "pct1ResTime" : 1641.0,
    "pct2ResTime" : 3032.9500000000007,
    "pct3ResTime" : 21076.0,
    "throughput" : 474.44869225281633,
    "receivedKBytesPerSec" : 10158.156218581045,
    "sentKBytesPerSec" : 152.85345059756037
  },
  "方向排名个股筛选-板块小类" : {
    "transaction" : "方向排名个股筛选-板块小类",
    "sampleCount" : 362368,
    "errorCount" : 5,
    "errorPct" : 0.0013798128,
    "meanResTime" : 253.84391005828124,
    "medianResTime" : 13.0,
    "minResTime" : 10.0,
    "maxResTime" : 94284.0,
    "pct1ResTime" : 1016.0,
    "pct2ResTime" : 1068.0,
    "pct3ResTime" : 4029.9900000000016,
    "throughput" : 489.36178832693446,
    "receivedKBytesPerSec" : 861.2693696437567,
    "sentKBytesPerSec" : 181.59659540932975
  },
  "成分股指标列表" : {
    "transaction" : "成分股指标列表",
    "sampleCount" : 730212,
    "errorCount" : 40,
    "errorPct" : 0.005477861,
    "meanResTime" : 880.3722507984209,
    "medianResTime" : 49.0,
    "minResTime" : 15.0,
    "maxResTime" : 153253.0,
    "pct1ResTime" : 1708.800000000003,
    "pct2ResTime" : 2898.9500000000007,
    "pct3ResTime" : 10065.0,
    "throughput" : 969.5477775255031,
    "receivedKBytesPerSec" : 3225.553597936392,
    "sentKBytesPerSec" : 574.6954087938676
  },
  "秒级详情接口" : {
    "transaction" : "秒级详情接口",
    "sampleCount" : 361719,
    "errorCount" : 30,
    "errorPct" : 0.008293731,
    "meanResTime" : 417.1826860076462,
    "medianResTime" : 15.0,
    "minResTime" : 11.0,
    "maxResTime" : 154317.0,
    "pct1ResTime" : 637.0,
    "pct2ResTime" : 1074.0,
    "pct3ResTime" : 9039.0,
    "throughput" : 480.89867623538737,
    "receivedKBytesPerSec" : 4208.337544656033,
    "sentKBytesPerSec" : 257.80417645982044
  },
  "题材板块" : {
    "transaction" : "题材板块",
    "sampleCount" : 5000,
    "errorCount" : 1,
    "errorPct" : 0.02,
    "meanResTime" : 441.92279999999977,
    "medianResTime" : 14.0,
    "minResTime" : 11.0,
    "maxResTime" : 69041.0,
    "pct1ResTime" : 1033.0,
    "pct2ResTime" : 1152.8999999999996,
    "pct3ResTime" : 10026.089999999784,
    "throughput" : 19.442165390612544,
    "receivedKBytesPerSec" : 125.41789263696033,
    "sentKBytesPerSec" : 4.422967315532735
  },
  "加载交易日期" : {
    "transaction" : "加载交易日期",
    "sampleCount" : 5000,
    "errorCount" : 0,
    "errorPct" : 0.0,
    "meanResTime" : 345.3761999999996,
    "medianResTime" : 14.0,
    "minResTime" : 10.0,
    "maxResTime" : 45113.0,
    "pct1ResTime" : 1036.0,
    "pct2ResTime" : 1630.9999999999854,
    "pct3ResTime" : 4094.8899999999976,
    "throughput" : 18.785904560090472,
    "receivedKBytesPerSec" : 31.767093030382444,
    "sentKBytesPerSec" : 5.650447855964713
  },
  "个股日K线-个股数据" : {
    "transaction" : "个股日K线-个股数据",
    "sampleCount" : 363758,
    "errorCount" : 80,
    "errorPct" : 0.021992644,
    "meanResTime" : 475.10736533629733,
    "medianResTime" : 19.0,
    "minResTime" : 10.0,
    "maxResTime" : 154308.0,
    "pct1ResTime" : 1039.0,
    "pct2ResTime" : 1435.0,
    "pct3ResTime" : 10091.0,
    "throughput" : 470.2206595224861,
    "receivedKBytesPerSec" : 7416.900329349202,
    "sentKBytesPerSec" : 134.51633955607943
  },
  "行业板块" : {
    "transaction" : "行业板块",
    "sampleCount" : 5000,
    "errorCount" : 0,
    "errorPct" : 0.0,
    "meanResTime" : 328.5607999999999,
    "medianResTime" : 13.0,
    "minResTime" : 10.0,
    "maxResTime" : 23120.0,
    "pct1ResTime" : 1039.0,
    "pct2ResTime" : 1115.8999999999996,
    "pct3ResTime" : 4078.9699999999993,