{
  "板块方向排名" : {
    "transaction" : "板块方向排名",
    "sampleCount" : 5000,
    "errorCount" : 0,
    "errorPct" : 0.0,
    "meanResTime" : 1823.3267999999994,
    "medianResTime" : 1420.0,
    "minResTime" : 18.0,
    "maxResTime" : 49307.0,
    "pct1ResTime" : 3981.0,
    "pct2ResTime" : 4997.849999999999,
    "pct3ResTime" : 7394.959999999999,
    "throughput" : 40.53079124210663,
    "receivedKBytesPerSec" : 373.42016992027595,
    "sentKBytesPerSec" : 11.399285036842489
  },
  "秒级行情接口" : {
    "transaction" : "秒级行情接口",
    "sampleCount" : 667103,
    "errorCount" : 35,
    "errorPct" : 0.005246566,
    "meanResTime" : 345.9116628166978,
    "medianResTime" : 15.0,
    "minResTime" : 11.0,
    "maxResTime" : 94314.0,
    "pct1ResTime" : 31.0,
    "pct2ResTime" : 421.9500000000007,
    "pct3ResTime" : 3027.9900000000016,
    "throughput" : 923.2531135951905,
    "receivedKBytesPerSec" : 1379.2765508573198,
    "sentKBytesPerSec" : 289.4117047167213
  },
  "秒级行情接口-股票" : {
    "transaction" : "秒级行情接口-股票",
    "sampleCount" : 666831,
    "errorCount" : 13,
    "errorPct" : 0.0019495195,
    "meanResTime" : 347.1385433490689,
    "medianResTime" : 27.0,
    "minResTime" : 11.0,
    "maxResTime" : 61060.0,
    "pct1ResTime" : 41.0,
    "pct2ResTime" : 254.0,
    "pct3ResTime" : 3038.0,
    "throughput" : 912.1039651698626,
    "receivedKBytesPerSec" : 846.6317056460823,
    "sentKBytesPerSec" : 253.85706061856527
  },
  "个股分时线" : {
    "transaction" : "个股分时线",
    "sampleCount" : 332720,
    "errorCount" : 16,
    "errorPct" : 0.0048088483,
    "meanResTime" : 355.70464654964337,
    "medianResTime" : 19.0,
    "minResTime" : 12.0,
    "maxResTime" : 153259.0,
    "pct1ResTime" : 219.0,
    "pct2ResTime" : 1049.0,
    "pct3ResTime" : 4063.9900000000016,
    "throughput" : 455.11747261525664,
    "receivedKBytesPerSec" : 2375.2726494790472,
    "sentKBytesPerSec" : 126.66272661533395
  },
  "环境指数日K线" : {
    "transaction" : "环境指数日K线",
    "sampleCount" : 331567,
    "errorCount" : 2,
    "errorPct" : 6.031963E-4,
    "meanResTime" : 258.95795118331625,
    "medianResTime" : 15.0,
    "minResTime" : 11.0,
    "maxResTime" : 60011.0,
    "pct1ResTime" : 48.0,
    "pct2ResTime" : 1025.0,
    "pct3ResTime" : 3023.0,
    "throughput" : 460.9251950716688,
    "receivedKBytesPerSec" : 343.8954653222141,
    "sentKBytesPerSec" : 149.4405905896426
  },
  "login" : {
    "transaction" : "login",
    "sampleCount" : 5000,
    "errorCount" : 0,
    "errorPct" : 0.0,
    "meanResTime" : 2764.324199999994,
    "medianResTime" : 2243.5,
    "minResTime" : 71.0,
    "maxResTime" : 21277.0,
    "pct1ResTime" : 6145.700000000002,
    "pct2ResTime" : 7174.5999999999985,
    "pct3ResTime" : 9482.949999999999,
    "throughput" : 46.19193673552344,
    "receivedKBytesPerSec" : 33.639855326854146,
    "sentKBytesPerSec" : 15.743150313181332
  },
  "板块大类动态" : {
    "transaction" : "板块大类动态",
    "sampleCount" : 5000,
    "errorCount" : 0,
    "errorPct" : 0.0,
    "meanResTime" : 660.2688000000004,
    "medianResTime" : 480.5,
    "minResTime" : 13.0,
    "maxResTime" : 22485.0,
    "pct1ResTime" : 1359.9000000000005,
    "pct2ResTime" : 1797.9499999999998,
    "pct3ResTime" : 3796.6399999999703,
    "throughput" : 40.07759021465557,
    "receivedKBytesPerSec" : 375.1887873673432,
    "sentKBytesPerSec" : 11.27182224787188
  },
  "方向排名个股筛选-板块大类" : {
    "transaction" : "方向排名个股筛选-板块大类",
    "sampleCount" : 331807,
    "errorCount" : 13,
    "errorPct" : 0.0039179404,
    "meanResTime" : 297.45236538107827,
    "medianResTime" : 16.0,
    "minResTime" : 11.0,
    "maxResTime" : 94290.0,
    "pct1ResTime" : 55.0,
    "pct2ResTime" : 1031.0,
    "pct3ResTime" : 3027.0,
    "throughput" : 443.8111849294639,
    "receivedKBytesPerSec" : 1238.4842153185361,
    "sentKBytesPerSec" : 164.69108967191033
  },
  "个股查看环境指数" : {
    "transaction" : "个股查看环境指数",
    "sampleCount" : 332526,
    "errorCount" : 5,
    "errorPct" : 0.0015036418,
    "meanResTime" : 270.79009160185745,
    "medianResTime" : 16.0,
    "minResTime" : 11.0,
    "maxResTime" : 60012.0,
    "pct1ResTime" : 76.90000000000146,
    "pct2ResTime" : 1033.9500000000007,
    "pct3ResTime" : 3025.0,
    "throughput" : 461.20942541266345,
    "receivedKBytesPerSec" : 274.877480237161,
    "sentKBytesPerSec" : 128.8143512383025
  },
  "指标字段排序" : {
    "transaction" : "指标字段排序",
    "sampleCount" : 332418,
    "errorCount" : 53,
    "errorPct" : 0.015943782,
    "meanResTime" : 906.2550343242265,
    "medianResTime" : 33.0,
    "minResTime" : 18.0,
    "maxResTime" : 154367.0,
    "pct1ResTime" : 1683.9000000000015,
    "pct2ResTime" : 2819.0,
    "pct3ResTime" : 9056.0,
    "throughput" : 435.0189623448922,
    "receivedKBytesPerSec" : 9302.162860259199,
    "sentKBytesPerSec" : 140.1697276682074
  },
  "方向排名个股筛选-板块小类" : {
    "transaction" : "方向排名个股筛选-板块小类",
    "sampleCount" : 331684,
    "errorCount" : 8,
    "errorPct" : 0.0024119343,
    "meanResTime" : 274.0512324984026,
    "medianResTime" : 15.0,
    "minResTime" : 11.0,
    "maxResTime" : 105085.0,
    "pct1ResTime" : 40.0,
    "pct2ResTime" : 1025.0,
    "pct3ResTime" : 3022.0,
    "throughput" : 461.08463681403924,
    "receivedKBytesPerSec" : 812.9332977169857,
    "sentKBytesPerSec" : 171.10356346509934
  },
  "成分股指标列表" : {
    "transaction" : "成分股指标列表",
    "sampleCount" : 668812,
    "errorCount" : 25,
    "errorPct" : 0.0037379712,
    "meanResTime" : 938.394399322957,
    "medianResTime" : 60.0,
    "minResTime" : 17.0,
    "maxResTime" : 106176.0,
    "pct1ResTime" : 1092.0,
    "pct2ResTime" : 3088.9500000000007,
    "pct3ResTime" : 4662.960000000006,
    "throughput" : 892.8242937830481,
    "receivedKBytesPerSec" : 3024.7196048521587,
    "sentKBytesPerSec" : 529.229864632017
  },
  "秒级详情接口" : {
    "transaction" : "秒级详情接口",
    "sampleCount" : 331174,
    "errorCount" : 19,
    "errorPct" : 0.0057371655,
    "meanResTime" : 314.6611237597191,
    "medianResTime" : 17.0,
    "minResTime" : 12.0,
    "maxResTime" : 154261.0,
    "pct1ResTime" : 216.90000000000146,
    "pct2ResTime" : 1028.0,
    "pct3ResTime" : 3031.0,
    "throughput" : 453.3984277668101,
    "receivedKBytesPerSec" : 3972.8243413881933,
    "sentKBytesPerSec" : 243.06929625870723
  },
  "题材板块" : {
    "transaction" : "题材板块",
    "sampleCount" : 5000,
    "errorCount" : 0,
    "errorPct" : 0.0,
    "meanResTime" : 568.6278,
    "medianResTime" : 336.0,
    "minResTime" : 12.0,
    "maxResTime" : 22751.0,
    "pct1ResTime" : 1314.800000000001,
    "pct2ResTime" : 1701.8499999999995,
    "pct3ResTime" : 3574.9699999999993,
    "throughput" : 45.76659038901602,
    "receivedKBytesPerSec" : 295.2607176058352,
    "sentKBytesPerSec" : 10.413687070938215
  },
  "加载交易日期" : {
    "transaction" : "加载交易日期",
    "sampleCount" : 5000,
    "errorCount" : 0,
    "errorPct" : 0.0,
    "meanResTime" : 579.6361999999987,
    "medianResTime" : 364.0,
    "minResTime" : 12.0,
    "maxResTime" : 13303.0,
    "pct1ResTime" : 1298.9000000000005,
    "pct2ResTime" : 1625.8999999999996,
    "pct3ResTime" : 3845.379999999943,
    "throughput" : 39.49291102247147,
    "receivedKBytesPerSec" : 67.59901304747048,
    "sentKBytesPerSec" : 11.878727143477745
  },
  "个股日K线-个股数据" : {
    "transaction" : "个股日K线-个股数据",
    "sampleCount" : 332890,
    "errorCount" : 77,
    "errorPct" : 0.023130763,
    "meanResTime" : 469.581023761596,
    "medianResTime" : 22.0,
    "minResTime" : 12.0,
    "maxResTime" : 173241.0,
    "pct1ResTime" : 226.0,
    "pct2ResTime" : 1064.0,
    "pct3ResTime" : 9044.0,
    "throughput" : 444.11743516811333,
    "receivedKBytesPerSec" : 7027.928003686192,
    "sentKBytesPerSec" : 127.04908571046916
  },
  "行业板块" : {
    "transaction" : "行业板块",
    "sampleCount" : 5000,
    "errorCount" : 0,
    "errorPct" : 0.0,
    "meanResTime" : 594.1539999999989,
    "medianResTime" : 432.0,
    "minResTime" : 12.0,
    "maxResTime" : 22817.0,
    "pct1ResTime" : 1295.0,
    "pct2ResTime" : 1664.8499999999995,